version,iters,face,ssim_adv,ssim_pur,R_pipe,damage
N_no_wash,0,1233476865_1.png,0.49794,0.49794,0.0,0.01744
N_no_wash,0,1525918600_1.png,0.66264,0.66264,0.0,0.01537
N_no_wash,0,178046512_1.png,0.52713,0.52713,0.0,0.03975
N_no_wash,0,181707205_1.png,0.63578,0.63578,0.0,0.05098
N_no_wash,0,1961032923_1.png,0.71201,0.71201,0.0,0.07549
N_no_wash,0,2061993362_1.png,0.5025,0.5025,0.0,0.02022
N_no_wash,0,2099073485_1.png,0.53915,0.53915,0.0,0.01015
N_no_wash,0,2139626906_1.png,0.37343,0.37343,0.0,0.06782
N_no_wash,0,2167874246_1.png,0.4664,0.4664,0.0,0.03564
N_no_wash,0,221629697_1.png,0.43954,0.43954,0.0,0.00809
A_impress_100,100,1233476865_1.png,0.49794,0.52827,6.04195,0.12251
A_impress_100,100,1525918600_1.png,0.66264,0.65742,-1.54697,0.1769
A_impress_100,100,178046512_1.png,0.52713,0.58356,11.93239,0.19468
A_impress_100,100,181707205_1.png,0.63578,0.57379,-17.01858,0.17504
A_impress_100,100,1961032923_1.png,0.71201,0.66484,-16.38134,0.29212
A_impress_100,100,2061993362_1.png,0.5025,0.56156,11.87108,0.18864
A_impress_100,100,2099073485_1.png,0.53915,0.54152,0.51508,0.1492
A_impress_100,100,2139626906_1.png,0.37343,0.36078,-2.01835,0.22219
A_impress_100,100,2167874246_1.png,0.4664,0.48778,4.00662,0.24821
A_impress_100,100,221629697_1.png,0.43954,0.40726,-5.75939,0.07613
C_tyro_masked,100,1233476865_1.png,0.49794,0.54431,9.23574,0.05196
C_tyro_masked,100,1525918600_1.png,0.66264,0.6632,0.16709,0.02541
C_tyro_masked,100,178046512_1.png,0.52713,0.60894,17.30016,0.07716
C_tyro_masked,100,181707205_1.png,0.63578,0.58158,-14.88093,0.08218
C_tyro_masked,100,1961032923_1.png,0.71201,0.68345,-9.91663,0.14923
C_tyro_masked,100,2061993362_1.png,0.5025,0.54176,7.89209,0.05372
C_tyro_masked,100,2099073485_1.png,0.53915,0.5247,-3.13425,0.02167
C_tyro_masked,100,2139626906_1.png,0.37343,0.37162,-0.28861,0.07454
C_tyro_masked,100,2167874246_1.png,0.4664,0.48515,3.51299,0.04821
C_tyro_masked,100,221629697_1.png,0.43954,0.39552,-7.85299,0.01255
B_ckpt_0050,50,1233476865_1.png,0.49794,0.53071,6.5262,0.11993
B_ckpt_0050,50,1525918600_1.png,0.66264,0.66027,-0.70262,0.17358
B_ckpt_0050,50,178046512_1.png,0.52713,0.59292,13.91338,0.1918
B_ckpt_0050,50,181707205_1.png,0.63578,0.57879,-15.64677,0.17121
B_ckpt_0050,50,1961032923_1.png,0.71201,0.66654,-15.79012,0.28693
B_ckpt_0050,50,2061993362_1.png,0.5025,0.56142,11.84334,0.18513
B_ckpt_0050,50,2099073485_1.png,0.53915,0.535,-0.89931,0.14531
B_ckpt_0050,50,2139626906_1.png,0.37343,0.35856,-2.37345,0.21741
B_ckpt_0050,50,2167874246_1.png,0.4664,0.48996,4.41419,0.24429
B_ckpt_0050,50,221629697_1.png,0.43954,0.39944,-7.15428,0.074
B_ckpt_0100,100,1233476865_1.png,0.49794,0.56937,14.22812,0.10916
B_ckpt_0100,100,1525918600_1.png,0.66264,0.66795,1.57451,0.16042
B_ckpt_0100,100,178046512_1.png,0.52713,0.60716,16.92391,0.17771
B_ckpt_0100,100,181707205_1.png,0.63578,0.58057,-15.15849,0.16074
B_ckpt_0100,100,1961032923_1.png,0.71201,0.69211,-6.91154,0.27379
B_ckpt_0100,100,2061993362_1.png,0.5025,0.54948,9.44299,0.17186
B_ckpt_0100,100,2099073485_1.png,0.53915,0.54299,0.8343,0.13089
B_ckpt_0100,100,2139626906_1.png,0.37343,0.3564,-2.71796,0.21155
B_ckpt_0100,100,2167874246_1.png,0.4664,0.44385,-4.22625,0.22855
B_ckpt_0100,100,221629697_1.png,0.43954,0.40691,-5.82029,0.07011
B_ckpt_0250,250,1233476865_1.png,0.49794,0.62561,25.42917,0.09584
B_ckpt_0250,250,1525918600_1.png,0.66264,0.68552,6.78333,0.13389
B_ckpt_0250,250,178046512_1.png,0.52713,0.64454,24.82801,0.15071
B_ckpt_0250,250,181707205_1.png,0.63578,0.58451,-14.07538,0.14582
B_ckpt_0250,250,1961032923_1.png,0.71201,0.72706,5.22349,0.25538
B_ckpt_0250,250,2061993362_1.png,0.5025,0.55418,10.38671,0.15075
B_ckpt_0250,250,2099073485_1.png,0.53915,0.54602,1.49086,0.10317
B_ckpt_0250,250,2139626906_1.png,0.37343,0.35327,-3.2176,0.20658
B_ckpt_0250,250,2167874246_1.png,0.4664,0.43064,-6.70233,0.1992
B_ckpt_0250,250,221629697_1.png,0.43954,0.46523,4.58464,0.06784
B_ckpt_0500,500,1233476865_1.png,0.49794,0.64642,29.57395,0.0953
B_ckpt_0500,500,1525918600_1.png,0.66264,0.69163,8.59354,0.1184
B_ckpt_0500,500,178046512_1.png,0.52713,0.64437,24.79279,0.13467
B_ckpt_0500,500,181707205_1.png,0.63578,0.59283,-11.79309,0.14094
B_ckpt_0500,500,1961032923_1.png,0.71201,0.73791,8.99372,0.25047
B_ckpt_0500,500,2061993362_1.png,0.5025,0.53764,7.06288,0.14615
B_ckpt_0500,500,2099073485_1.png,0.53915,0.54173,0.56055,0.0913
B_ckpt_0500,500,2139626906_1.png,0.37343,0.35751,-2.54055,0.20707
B_ckpt_0500,500,2167874246_1.png,0.4664,0.41599,-9.44809,0.18042
B_ckpt_0500,500,221629697_1.png,0.43954,0.43172,-1.39358,0.0701
B_impress_1000,1000,1233476865_1.png,0.49794,0.64252,28.79787,0.09608
B_impress_1000,1000,1525918600_1.png,0.66264,0.69187,8.66592,0.1172
B_impress_1000,1000,178046512_1.png,0.52713,0.64287,24.47684,0.13275
B_impress_1000,1000,181707205_1.png,0.63578,0.58888,-12.87809,0.1409
B_impress_1000,1000,1961032923_1.png,0.71201,0.73772,8.92508,0.25052
B_impress_1000,1000,2061993362_1.png,0.5025,0.52709,4.94286,0.14654
B_impress_1000,1000,2099073485_1.png,0.53915,0.54374,0.99547,0.09133
B_impress_1000,1000,2139626906_1.png,0.37343,0.35821,-2.4286,0.20761
B_impress_1000,1000,2167874246_1.png,0.4664,0.42163,-8.3898,0.17809
B_impress_1000,1000,221629697_1.png,0.43954,0.42794,-2.0689,0.07108
