A_impress_100,1233476865_1,1,0.009773,0.008263,0.251059
A_impress_100,1233476865_1,2,0.009032,0.007755,0.227641
A_impress_100,1233476865_1,3,0.008873,0.007717,0.215632
A_impress_100,1233476865_1,4,0.008747,0.007683,0.206424
A_impress_100,1233476865_1,5,0.008629,0.007641,0.198771
A_impress_100,1233476865_1,6,0.008535,0.007607,0.192831
A_impress_100,1233476865_1,7,0.008448,0.007572,0.187599
A_impress_100,1233476865_1,8,0.008380,0.007545,0.183444
A_impress_100,1233476865_1,9,0.008307,0.007511,0.179561
A_impress_100,1233476865_1,10,0.008248,0.007488,0.176022
A_impress_100,1233476865_1,11,0.008185,0.007458,0.172732
A_impress_100,1233476865_1,12,0.008127,0.007431,0.169595
A_impress_100,1233476865_1,13,0.008081,0.007412,0.166942
A_impress_100,1233476865_1,14,0.008030,0.007385,0.164439
A_impress_100,1233476865_1,15,0.007976,0.007355,0.162106
A_impress_100,1233476865_1,16,0.007931,0.007332,0.159955
A_impress_100,1233476865_1,17,0.007889,0.007309,0.158012
A_impress_100,1233476865_1,18,0.007848,0.007286,0.156168
A_impress_100,1233476865_1,19,0.007807,0.007263,0.154408
A_impress_100,1233476865_1,20,0.007775,0.007248,0.152723
A_impress_100,1233476865_1,21,0.007736,0.007225,0.151091
A_impress_100,1233476865_1,22,0.007708,0.007210,0.149849
A_impress_100,1233476865_1,23,0.007681,0.007195,0.148639
A_impress_100,1233476865_1,24,0.007654,0.007179,0.147463
A_impress_100,1233476865_1,25,0.007627,0.007164,0.146325
A_impress_100,1233476865_1,26,0.007605,0.007153,0.145224
A_impress_100,1233476865_1,27,0.007579,0.007137,0.144154
A_impress_100,1233476865_1,28,0.007554,0.007122,0.143158
A_impress_100,1233476865_1,29,0.007529,0.007107,0.142197
A_impress_100,1233476865_1,30,0.007508,0.007095,0.141260
A_impress_100,1233476865_1,31,0.007484,0.007080,0.140356
A_impress_100,1233476865_1,32,0.007460,0.007065,0.139476
A_impress_100,1233476865_1,33,0.007445,0.007057,0.138734
A_impress_100,1233476865_1,34,0.007426,0.007046,0.138013
A_impress_100,1233476865_1,35,0.007407,0.007034,0.137311
A_impress_100,1233476865_1,36,0.007389,0.007023,0.136653
A_impress_100,1233476865_1,37,0.007375,0.007015,0.136027
A_impress_100,1233476865_1,38,0.007358,0.007004,0.135419
A_impress_100,1233476865_1,39,0.007337,0.006989,0.134827
A_impress_100,1233476865_1,40,0.007323,0.006981,0.134247
A_impress_100,1233476865_1,41,0.007311,0.006973,0.133798
A_impress_100,1233476865_1,42,0.007299,0.006966,0.133358
A_impress_100,1233476865_1,43,0.007287,0.006958,0.132927
A_impress_100,1233476865_1,44,0.007275,0.006950,0.132510
A_impress_100,1233476865_1,45,0.007268,0.006947,0.132109
A_impress_100,1233476865_1,46,0.007252,0.006935,0.131724
A_impress_100,1233476865_1,47,0.007245,0.006931,0.131385
A_impress_100,1233476865_1,48,0.007234,0.006924,0.131056
A_impress_100,1233476865_1,49,0.007227,0.006920,0.130734
A_impress_100,1233476865_1,50,0.007216,0.006912,0.130422
A_impress_100,1233476865_1,51,0.007206,0.006905,0.130114
A_impress_100,1233476865_1,52,0.007200,0.006901,0.129895
A_impress_100,1233476865_1,53,0.007194,0.006897,0.129680
A_impress_100,1233476865_1,54,0.007184,0.006889,0.129471
A_impress_100,1233476865_1,55,0.007178,0.006886,0.129277
A_impress_100,1233476865_1,56,0.007173,0.006882,0.129087
A_impress_100,1233476865_1,57,0.007163,0.006874,0.128907
A_impress_100,1233476865_1,58,0.007158,0.006870,0.128754
A_impress_100,1233476865_1,59,0.007156,0.006870,0.128605
A_impress_100,1233476865_1,60,0.007151,0.006866,0.128464
A_impress_100,1233476865_1,61,0.007150,0.006866,0.128329
A_impress_100,1233476865_1,62,0.007145,0.006863,0.128197
A_impress_100,1233476865_1,63,0.007140,0.006859,0.128095
A_impress_100,1233476865_1,64,0.007135,0.006855,0.127997
A_impress_100,1233476865_1,65,0.007130,0.006851,0.127903
A_impress_100,1233476865_1,66,0.007129,0.006851,0.127818
A_impress_100,1233476865_1,67,0.007125,0.006847,0.127735
A_impress_100,1233476865_1,68,0.007124,0.006847,0.127653
A_impress_100,1233476865_1,69,0.007123,0.006847,0.127596
A_impress_100,1233476865_1,70,0.007119,0.006844,0.127540
A_impress_100,1233476865_1,71,0.007118,0.006844,0.127487
A_impress_100,1233476865_1,72,0.007118,0.006844,0.127437
A_impress_100,1233476865_1,73,0.007114,0.006840,0.127395
A_impress_100,1233476865_1,74,0.007113,0.006840,0.127356
A_impress_100,1233476865_1,75,0.007113,0.006840,0.127318
A_impress_100,1233476865_1,76,0.007113,0.006840,0.127290
A_impress_100,1233476865_1,77,0.007112,0.006840,0.127264
A_impress_100,1233476865_1,78,0.007108,0.006836,0.127241
A_impress_100,1233476865_1,79,0.007108,0.006836,0.127225
A_impress_100,1233476865_1,80,0.007108,0.006836,0.127209
A_impress_100,1233476865_1,81,0.007108,0.006836,0.127195
A_impress_100,1233476865_1,82,0.007104,0.006832,0.127184
A_impress_100,1233476865_1,83,0.007104,0.006832,0.127173
A_impress_100,1233476865_1,84,0.007104,0.006832,0.127166
A_impress_100,1233476865_1,85,0.007104,0.006832,0.127159
A_impress_100,1233476865_1,86,0.007104,0.006832,0.127155
A_impress_100,1233476865_1,87,0.007104,0.006832,0.127151
A_impress_100,1233476865_1,88,0.007100,0.006828,0.127148
A_impress_100,1233476865_1,89,0.007107,0.006836,0.127145
A_impress_100,1233476865_1,90,0.007107,0.006836,0.127143
A_impress_100,1233476865_1,91,0.007107,0.006836,0.127142
A_impress_100,1233476865_1,92,0.007104,0.006832,0.127141
A_impress_100,1233476865_1,93,0.007104,0.006832,0.127140
A_impress_100,1233476865_1,94,0.007100,0.006828,0.127140
A_impress_100,1233476865_1,95,0.007107,0.006836,0.127140
A_impress_100,1233476865_1,96,0.007107,0.006836,0.127139
A_impress_100,1233476865_1,97,0.007107,0.006836,0.127139
A_impress_100,1233476865_1,98,0.007107,0.006836,0.127139
A_impress_100,1233476865_1,99,0.007104,0.006832,0.127139
A_impress_100,1233476865_1,100,0.007107,0.006836,0.127139
A_impress_100,1525918600_1,1,0.008942,0.007114,0.282765
A_impress_100,1525918600_1,2,0.008640,0.006996,0.264432
A_impress_100,1525918600_1,3,0.008530,0.006981,0.254924
A_impress_100,1525918600_1,4,0.008434,0.006958,0.247638
A_impress_100,1525918600_1,5,0.008354,0.006939,0.241494
A_impress_100,1525918600_1,6,0.008285,0.006920,0.236529
A_impress_100,1525918600_1,7,0.008217,0.006897,0.231975
A_impress_100,1525918600_1,8,0.008162,0.006878,0.228416
A_impress_100,1525918600_1,9,0.008110,0.006859,0.225095
A_impress_100,1525918600_1,10,0.008061,0.006840,0.222114
A_impress_100,1525918600_1,11,0.008015,0.006821,0.219383
A_impress_100,1525918600_1,12,0.007970,0.006802,0.216839
A_impress_100,1525918600_1,13,0.007934,0.006786,0.214757
A_impress_100,1525918600_1,14,0.007887,0.006760,0.212735
A_impress_100,1525918600_1,15,0.007860,0.006752,0.210802
A_impress_100,1525918600_1,16,0.007823,0.006733,0.208998
A_impress_100,1525918600_1,17,0.007799,0.006725,0.207362
A_impress_100,1525918600_1,18,0.007772,0.006714,0.205796
A_impress_100,1525918600_1,19,0.007745,0.006702,0.204289
A_impress_100,1525918600_1,20,0.007715,0.006687,0.202827
A_impress_100,1525918600_1,21,0.007690,0.006676,0.201410
A_impress_100,1525918600_1,22,0.007668,0.006664,0.200371
A_impress_100,1525918600_1,23,0.007650,0.006657,0.199362
A_impress_100,1525918600_1,24,0.007629,0.006645,0.198390
A_impress_100,1525918600_1,25,0.007612,0.006638,0.197452
A_impress_100,1525918600_1,26,0.007588,0.006622,0.196543
A_impress_100,1525918600_1,27,0.007571,0.006615,0.195652
A_impress_100,1525918600_1,28,0.007552,0.006603,0.194827
A_impress_100,1525918600_1,29,0.007536,0.006596,0.194028
A_impress_100,1525918600_1,30,0.007517,0.006584,0.193243
A_impress_100,1525918600_1,31,0.007501,0.006577,0.192480
A_impress_100,1525918600_1,32,0.007482,0.006565,0.191729
A_impress_100,1525918600_1,33,0.007468,0.006557,0.191103
A_impress_100,1525918600_1,34,0.007455,0.006550,0.190490
A_impress_100,1525918600_1,35,0.007445,0.006546,0.189896
A_impress_100,1525918600_1,36,0.007424,0.006531,0.189341
A_impress_100,1525918600_1,37,0.007415,0.006527,0.188813
A_impress_100,1525918600_1,38,0.007398,0.006516,0.188296
A_impress_100,1525918600_1,39,0.007386,0.006508,0.187788
A_impress_100,1525918600_1,40,0.007369,0.006496,0.187285
A_impress_100,1525918600_1,41,0.007362,0.006493,0.186911
A_impress_100,1525918600_1,42,0.007354,0.006489,0.186539
A_impress_100,1525918600_1,43,0.007343,0.006481,0.186173
A_impress_100,1525918600_1,44,0.007336,0.006477,0.185817
A_impress_100,1525918600_1,45,0.007324,0.006470,0.185473
A_impress_100,1525918600_1,46,0.007314,0.006462,0.185144
A_impress_100,1525918600_1,47,0.007307,0.006458,0.184857
A_impress_100,1525918600_1,48,0.007296,0.006451,0.184575
A_impress_100,1525918600_1,49,0.007290,0.006447,0.184300
A_impress_100,1525918600_1,50,0.007280,0.006439,0.184032
A_impress_100,1525918600_1,51,0.007273,0.006435,0.183766
A_impress_100,1525918600_1,52,0.007267,0.006432,0.183588
A_impress_100,1525918600_1,53,0.007270,0.006435,0.183411
A_impress_100,1525918600_1,54,0.007260,0.006428,0.183239
A_impress_100,1525918600_1,55,0.007259,0.006428,0.183082
A_impress_100,1525918600_1,56,0.007249,0.006420,0.182926
A_impress_100,1525918600_1,57,0.007252,0.006424,0.182777
A_impress_100,1525918600_1,58,0.007247,0.006420,0.182659
A_impress_100,1525918600_1,59,0.007242,0.006416,0.182542
A_impress_100,1525918600_1,60,0.007241,0.006416,0.182432
A_impress_100,1525918600_1,61,0.007236,0.006413,0.182327
A_impress_100,1525918600_1,62,0.007231,0.006409,0.182224
A_impress_100,1525918600_1,63,0.007230,0.006409,0.182151
A_impress_100,1525918600_1,64,0.007229,0.006409,0.182080
A_impress_100,1525918600_1,65,0.007225,0.006405,0.182013
A_impress_100,1525918600_1,66,0.007224,0.006405,0.181954
A_impress_100,1525918600_1,67,0.007224,0.006405,0.181896
A_impress_100,1525918600_1,68,0.007219,0.006401,0.181840
A_impress_100,1525918600_1,69,0.007219,0.006401,0.181804
A_impress_100,1525918600_1,70,0.007219,0.006401,0.181768
A_impress_100,1525918600_1,71,0.007215,0.006397,0.181735
A_impress_100,1525918600_1,72,0.007214,0.006397,0.181703
A_impress_100,1525918600_1,73,0.007214,0.006397,0.181679
A_impress_100,1525918600_1,74,0.007214,0.006397,0.181657
A_impress_100,1525918600_1,75,0.007214,0.006397,0.181635
A_impress_100,1525918600_1,76,0.007217,0.006401,0.181620
A_impress_100,1525918600_1,77,0.007213,0.006397,0.181605
A_impress_100,1525918600_1,78,0.007213,0.006397,0.181593
A_impress_100,1525918600_1,79,0.007213,0.006397,0.181585
A_impress_100,1525918600_1,80,0.007213,0.006397,0.181578
A_impress_100,1525918600_1,81,0.007209,0.006393,0.181571
A_impress_100,1525918600_1,82,0.007213,0.006397,0.181566
A_impress_100,1525918600_1,83,0.007209,0.006393,0.181561
A_impress_100,1525918600_1,84,0.007209,0.006393,0.181558
A_impress_100,1525918600_1,85,0.007209,0.006393,0.181555
A_impress_100,1525918600_1,86,0.007209,0.006393,0.181553
A_impress_100,1525918600_1,87,0.007209,0.006393,0.181552
A_impress_100,1525918600_1,88,0.007209,0.006393,0.181550
A_impress_100,1525918600_1,89,0.007213,0.006397,0.181549
A_impress_100,1525918600_1,90,0.007213,0.006397,0.181549
A_impress_100,1525918600_1,91,0.007209,0.006393,0.181548
A_impress_100,1525918600_1,92,0.007213,0.006397,0.181548
A_impress_100,1525918600_1,93,0.007213,0.006397,0.181547
A_impress_100,1525918600_1,94,0.007209,0.006393,0.181547
A_impress_100,1525918600_1,95,0.007209,0.006393,0.181547
A_impress_100,1525918600_1,96,0.007213,0.006397,0.181547
A_impress_100,1525918600_1,97,0.007213,0.006397,0.181547
A_impress_100,1525918600_1,98,0.007213,0.006397,0.181547
A_impress_100,1525918600_1,99,0.007213,0.006397,0.181547
A_impress_100,1525918600_1,100,0.007213,0.006397,0.181547
A_impress_100,178046512_1,1,0.010250,0.008186,0.306356
A_impress_100,178046512_1,2,0.010035,0.008141,0.289456
A_impress_100,178046512_1,3,0.009879,0.008102,0.277708
A_impress_100,178046512_1,4,0.009776,0.008080,0.269663
A_impress_100,178046512_1,5,0.009688,0.008057,0.263104
A_impress_100,178046512_1,6,0.009611,0.008034,0.257747
A_impress_100,178046512_1,7,0.009539,0.008011,0.252844
A_impress_100,178046512_1,8,0.009485,0.007996,0.248983
A_impress_100,178046512_1,9,0.009427,0.007973,0.245447
A_impress_100,178046512_1,10,0.009372,0.007950,0.242234
A_impress_100,178046512_1,11,0.009328,0.007935,0.239298
A_impress_100,178046512_1,12,0.009277,0.007912,0.236532
A_impress_100,178046512_1,13,0.009246,0.007904,0.234212
A_impress_100,178046512_1,14,0.009209,0.007889,0.231992
A_impress_100,178046512_1,15,0.009172,0.007874,0.229864
A_impress_100,178046512_1,16,0.009129,0.007851,0.227845
A_impress_100,178046512_1,17,0.009088,0.007828,0.225976
A_impress_100,178046512_1,18,0.009054,0.007812,0.224171
A_impress_100,178046512_1,19,0.009022,0.007797,0.222432
A_impress_100,178046512_1,20,0.008989,0.007782,0.220745
A_impress_100,178046512_1,21,0.008962,0.007771,0.219100
A_impress_100,178046512_1,22,0.008930,0.007751,0.217852
A_impress_100,178046512_1,23,0.008910,0.007744,0.216633
A_impress_100,178046512_1,24,0.008879,0.007725,0.215449
A_impress_100,178046512_1,25,0.008856,0.007713,0.214300
A_impress_100,178046512_1,26,0.008838,0.007706,0.213190
A_impress_100,178046512_1,27,0.008815,0.007694,0.212104
A_impress_100,178046512_1,28,0.008786,0.007675,0.211085
A_impress_100,178046512_1,29,0.008761,0.007660,0.210101
A_impress_100,178046512_1,30,0.008744,0.007652,0.209134
A_impress_100,178046512_1,31,0.008719,0.007637,0.208197
A_impress_100,178046512_1,32,0.008698,0.007626,0.207282
A_impress_100,178046512_1,33,0.008679,0.007614,0.206506
A_impress_100,178046512_1,34,0.008660,0.007603,0.205747
A_impress_100,178046512_1,35,0.008641,0.007591,0.205002
A_impress_100,178046512_1,36,0.008627,0.007584,0.204300
A_impress_100,178046512_1,37,0.008605,0.007568,0.203626
A_impress_100,178046512_1,38,0.008590,0.007561,0.202965
A_impress_100,178046512_1,39,0.008576,0.007553,0.202319
A_impress_100,178046512_1,40,0.008558,0.007542,0.201683
A_impress_100,178046512_1,41,0.008546,0.007534,0.201192
A_impress_100,178046512_1,42,0.008530,0.007523,0.200707
A_impress_100,178046512_1,43,0.008517,0.007515,0.200231
A_impress_100,178046512_1,44,0.008505,0.007507,0.199769
A_impress_100,178046512_1,45,0.008497,0.007504,0.199322
A_impress_100,178046512_1,46,0.008485,0.007496,0.198891
A_impress_100,178046512_1,47,0.008473,0.007488,0.198506
A_impress_100,178046512_1,48,0.008462,0.007481,0.198128
A_impress_100,178046512_1,49,0.008454,0.007477,0.197758
A_impress_100,178046512_1,50,0.008443,0.007469,0.197397
A_impress_100,178046512_1,51,0.008432,0.007462,0.197041
A_impress_100,178046512_1,52,0.008426,0.007458,0.196793
A_impress_100,178046512_1,53,0.008419,0.007454,0.196547
A_impress_100,178046512_1,54,0.008413,0.007450,0.196309
A_impress_100,178046512_1,55,0.008411,0.007450,0.196088
A_impress_100,178046512_1,56,0.008401,0.007442,0.195871
A_impress_100,178046512_1,57,0.008399,0.007442,0.195663
A_impress_100,178046512_1,58,0.008390,0.007435,0.195492
A_impress_100,178046512_1,59,0.008388,0.007435,0.195323
A_impress_100,178046512_1,60,0.008383,0.007431,0.195164
A_impress_100,178046512_1,61,0.008377,0.007427,0.195012
A_impress_100,178046512_1,62,0.008372,0.007423,0.194863
A_impress_100,178046512_1,63,0.008371,0.007423,0.194752
A_impress_100,178046512_1,64,0.008366,0.007420,0.194644
A_impress_100,178046512_1,65,0.008365,0.007420,0.194542
A_impress_100,178046512_1,66,0.008360,0.007416,0.194451
A_impress_100,178046512_1,67,0.008359,0.007416,0.194363
A_impress_100,178046512_1,68,0.008355,0.007412,0.194276
A_impress_100,178046512_1,69,0.008354,0.007412,0.194218
A_impress_100,178046512_1,70,0.008354,0.007412,0.194162
A_impress_100,178046512_1,71,0.008353,0.007412,0.194110
A_impress_100,178046512_1,72,0.008349,0.007408,0.194060
A_impress_100,178046512_1,73,0.008348,0.007408,0.194020
A_impress_100,178046512_1,74,0.008348,0.007408,0.193984
A_impress_100,178046512_1,75,0.008348,0.007408,0.193948
A_impress_100,178046512_1,76,0.008347,0.007408,0.193924
A_impress_100,178046512_1,77,0.008343,0.007404,0.193900
A_impress_100,178046512_1,78,0.008347,0.007408,0.193880
A_impress_100,178046512_1,79,0.008343,0.007404,0.193867
A_impress_100,178046512_1,80,0.008347,0.007408,0.193855
A_impress_100,178046512_1,81,0.008347,0.007408,0.193843
A_impress_100,178046512_1,82,0.008346,0.007408,0.193834
A_impress_100,178046512_1,83,0.008343,0.007404,0.193826
A_impress_100,178046512_1,84,0.008343,0.007404,0.193821
A_impress_100,178046512_1,85,0.008346,0.007408,0.193816
A_impress_100,178046512_1,86,0.008342,0.007404,0.193813
A_impress_100,178046512_1,87,0.008342,0.007404,0.193810
A_impress_100,178046512_1,88,0.008342,0.007404,0.193808
A_impress_100,178046512_1,89,0.008342,0.007404,0.193806
A_impress_100,178046512_1,90,0.008342,0.007404,0.193805
A_impress_100,178046512_1,91,0.008342,0.007404,0.193804
A_impress_100,178046512_1,92,0.008342,0.007404,0.193803
A_impress_100,178046512_1,93,0.008342,0.007404,0.193803
A_impress_100,178046512_1,94,0.008342,0.007404,0.193803
A_impress_100,178046512_1,95,0.008342,0.007404,0.193802
A_impress_100,178046512_1,96,0.008342,0.007404,0.193802
A_impress_100,178046512_1,97,0.008342,0.007404,0.193802
A_impress_100,178046512_1,98,0.008346,0.007408,0.193802
A_impress_100,178046512_1,99,0.008342,0.007404,0.193802
A_impress_100,178046512_1,100,0.008342,0.007404,0.193802
A_impress_100,181707205_1,1,0.008185,0.006397,0.278732
A_impress_100,181707205_1,2,0.007724,0.006149,0.257503
A_impress_100,181707205_1,3,0.007565,0.006123,0.244282
A_impress_100,181707205_1,4,0.007451,0.006104,0.234767
A_impress_100,181707205_1,5,0.007351,0.006084,0.226609
A_impress_100,181707205_1,6,0.007270,0.006069,0.220047
A_impress_100,181707205_1,7,0.007186,0.006046,0.213945
A_impress_100,181707205_1,8,0.007122,0.006031,0.209086
A_impress_100,181707205_1,9,0.007059,0.006012,0.204665
A_impress_100,181707205_1,10,0.007012,0.006004,0.200772
A_impress_100,181707205_1,11,0.006968,0.005997,0.197172
A_impress_100,181707205_1,12,0.006927,0.005989,0.193784
A_impress_100,181707205_1,13,0.006888,0.005978,0.191045
A_impress_100,181707205_1,14,0.006855,0.005970,0.188469
A_impress_100,181707205_1,15,0.006819,0.005959,0.186044
A_impress_100,181707205_1,16,0.006777,0.005939,0.183783
A_impress_100,181707205_1,17,0.006738,0.005920,0.181754
A_impress_100,181707205_1,18,0.006711,0.005913,0.179775
A_impress_100,181707205_1,19,0.006676,0.005898,0.177864
A_impress_100,181707205_1,20,0.006642,0.005882,0.176010
A_impress_100,181707205_1,21,0.006609,0.005867,0.174200
A_impress_100,181707205_1,22,0.006588,0.005859,0.172834
A_impress_100,181707205_1,23,0.006559,0.005844,0.171496
A_impress_100,181707205_1,24,0.006538,0.005836,0.170188
A_impress_100,181707205_1,25,0.006510,0.005821,0.168901
A_impress_100,181707205_1,26,0.006494,0.005817,0.167654
A_impress_100,181707205_1,27,0.006474,0.005810,0.166450
A_impress_100,181707205_1,28,0.006456,0.005802,0.165367
A_impress_100,181707205_1,29,0.006438,0.005795,0.164329
A_impress_100,181707205_1,30,0.006420,0.005787,0.163320
A_impress_100,181707205_1,31,0.006399,0.005775,0.162347
A_impress_100,181707205_1,32,0.006382,0.005768,0.161408
A_impress_100,181707205_1,33,0.006371,0.005764,0.160683
A_impress_100,181707205_1,34,0.006352,0.005753,0.159978
A_impress_100,181707205_1,35,0.006338,0.005745,0.159292
A_impress_100,181707205_1,36,0.006324,0.005737,0.158639
A_impress_100,181707205_1,37,0.006314,0.005733,0.158041
A_impress_100,181707205_1,38,0.006297,0.005722,0.157458
A_impress_100,181707205_1,39,0.006287,0.005718,0.156888
A_impress_100,181707205_1,40,0.006274,0.005711,0.156331
A_impress_100,181707205_1,41,0.006262,0.005703,0.155937
A_impress_100,181707205_1,42,0.006251,0.005695,0.155551
A_impress_100,181707205_1,43,0.006243,0.005692,0.155173
A_impress_100,181707205_1,44,0.006236,0.005688,0.154806
A_impress_100,181707205_1,45,0.006229,0.005684,0.154463
A_impress_100,181707205_1,46,0.006218,0.005676,0.154132
A_impress_100,181707205_1,47,0.006211,0.005672,0.153865
A_impress_100,181707205_1,48,0.006205,0.005669,0.153604
A_impress_100,181707205_1,49,0.006198,0.005665,0.153348
A_impress_100,181707205_1,50,0.006192,0.005661,0.153105
A_impress_100,181707205_1,51,0.006186,0.005657,0.152865
A_impress_100,181707205_1,52,0.006180,0.005653,0.152708
A_impress_100,181707205_1,53,0.006175,0.005650,0.152553
A_impress_100,181707205_1,54,0.006174,0.005650,0.152405
A_impress_100,181707205_1,55,0.006165,0.005642,0.152277
A_impress_100,181707205_1,56,0.006160,0.005638,0.152151
A_impress_100,181707205_1,57,0.006158,0.005638,0.152031
A_impress_100,181707205_1,58,0.006154,0.005634,0.151940
A_impress_100,181707205_1,59,0.006157,0.005638,0.151851
A_impress_100,181707205_1,60,0.006152,0.005634,0.151767
A_impress_100,181707205_1,61,0.006147,0.005630,0.151689
A_impress_100,181707205_1,62,0.006147,0.005630,0.151612
A_impress_100,181707205_1,63,0.006142,0.005627,0.151558
A_impress_100,181707205_1,64,0.006142,0.005627,0.151506
A_impress_100,181707205_1,65,0.006141,0.005627,0.151458
A_impress_100,181707205_1,66,0.006141,0.005627,0.151416
A_impress_100,181707205_1,67,0.006137,0.005623,0.151375
A_impress_100,181707205_1,68,0.006132,0.005619,0.151335
A_impress_100,181707205_1,69,0.006140,0.005627,0.151309
A_impress_100,181707205_1,70,0.006136,0.005623,0.151283
A_impress_100,181707205_1,71,0.006135,0.005623,0.151260
A_impress_100,181707205_1,72,0.006131,0.005619,0.151237
A_impress_100,181707205_1,73,0.006131,0.005619,0.151220
A_impress_100,181707205_1,74,0.006131,0.005619,0.151204
A_impress_100,181707205_1,75,0.006131,0.005619,0.151188
A_impress_100,181707205_1,76,0.006131,0.005619,0.151177
A_impress_100,181707205_1,77,0.006131,0.005619,0.151166
A_impress_100,181707205_1,78,0.006131,0.005619,0.151158
A_impress_100,181707205_1,79,0.006131,0.005619,0.151152
A_impress_100,181707205_1,80,0.006127,0.005615,0.151146
A_impress_100,181707205_1,81,0.006127,0.005615,0.151141
A_impress_100,181707205_1,82,0.006130,0.005619,0.151137
A_impress_100,181707205_1,83,0.006127,0.005615,0.151133
A_impress_100,181707205_1,84,0.006130,0.005619,0.151131
A_impress_100,181707205_1,85,0.006127,0.005615,0.151129
A_impress_100,181707205_1,86,0.006130,0.005619,0.151127
A_impress_100,181707205_1,87,0.006126,0.005615,0.151126
A_impress_100,181707205_1,88,0.006126,0.005615,0.151125
A_impress_100,181707205_1,89,0.006126,0.005615,0.151124
A_impress_100,181707205_1,90,0.006126,0.005615,0.151124
A_impress_100,181707205_1,91,0.006126,0.005615,0.151123
A_impress_100,181707205_1,92,0.006126,0.005615,0.151123
A_impress_100,181707205_1,93,0.006126,0.005615,0.151123
A_impress_100,181707205_1,94,0.006130,0.005619,0.151123
A_impress_100,181707205_1,95,0.006126,0.005615,0.151122
A_impress_100,181707205_1,96,0.006126,0.005615,0.151122
A_impress_100,181707205_1,97,0.006126,0.005615,0.151122
A_impress_100,181707205_1,98,0.006130,0.005619,0.151122
A_impress_100,181707205_1,99,0.006126,0.005615,0.151122
A_impress_100,181707205_1,100,0.006126,0.005615,0.151122
A_impress_100,1961032923_1,1,0.008251,0.005848,0.340338
A_impress_100,1961032923_1,2,0.008038,0.005798,0.323995
A_impress_100,1961032923_1,3,0.007893,0.005775,0.311750
A_impress_100,1961032923_1,4,0.007790,0.005760,0.302972
A_impress_100,1961032923_1,5,0.007697,0.005745,0.295235
A_impress_100,1961032923_1,6,0.007614,0.005726,0.288784
A_impress_100,1961032923_1,7,0.007534,0.005707,0.282682
A_impress_100,1961032923_1,8,0.007471,0.005692,0.277907
A_impress_100,1961032923_1,9,0.007411,0.005676,0.273446
A_impress_100,1961032923_1,10,0.007356,0.005661,0.269490
A_impress_100,1961032923_1,11,0.007303,0.005646,0.265750
A_impress_100,1961032923_1,12,0.007252,0.005630,0.262155
A_impress_100,1961032923_1,13,0.007211,0.005619,0.259233
A_impress_100,1961032923_1,14,0.007164,0.005600,0.256369
A_impress_100,1961032923_1,15,0.007120,0.005585,0.253574
A_impress_100,1961032923_1,16,0.007079,0.005569,0.250936
A_impress_100,1961032923_1,17,0.007040,0.005554,0.248587
A_impress_100,1961032923_1,18,0.007006,0.005543,0.246313
A_impress_100,1961032923_1,19,0.006969,0.005527,0.244143
A_impress_100,1961032923_1,20,0.006940,0.005520,0.242058
A_impress_100,1961032923_1,21,0.006905,0.005505,0.240039
A_impress_100,1961032923_1,22,0.006883,0.005497,0.238567
A_impress_100,1961032923_1,23,0.006853,0.005482,0.237133
A_impress_100,1961032923_1,24,0.006831,0.005474,0.235740
A_impress_100,1961032923_1,25,0.006799,0.005455,0.234381
A_impress_100,1961032923_1,26,0.006778,0.005447,0.233063
A_impress_100,1961032923_1,27,0.006754,0.005436,0.231774
A_impress_100,1961032923_1,28,0.006731,0.005424,0.230603
A_impress_100,1961032923_1,29,0.006708,0.005413,0.229474
A_impress_100,1961032923_1,30,0.006685,0.005402,0.228367
A_impress_100,1961032923_1,31,0.006667,0.005394,0.227288
A_impress_100,1961032923_1,32,0.006649,0.005386,0.226233
A_impress_100,1961032923_1,33,0.006633,0.005379,0.225424
A_impress_100,1961032923_1,34,0.006614,0.005367,0.224634
A_impress_100,1961032923_1,35,0.006602,0.005363,0.223860
A_impress_100,1961032923_1,36,0.006579,0.005348,0.223120
A_impress_100,1961032923_1,37,0.006569,0.005344,0.222437
A_impress_100,1961032923_1,38,0.006554,0.005337,0.221768
A_impress_100,1961032923_1,39,0.006540,0.005329,0.221114
A_impress_100,1961032923_1,40,0.006530,0.005325,0.220472
A_impress_100,1961032923_1,41,0.006522,0.005322,0.220029
A_impress_100,1961032923_1,42,0.006510,0.005314,0.219594
A_impress_100,1961032923_1,43,0.006498,0.005306,0.219167
A_impress_100,1961032923_1,44,0.006490,0.005302,0.218750
A_impress_100,1961032923_1,45,0.006482,0.005299,0.218359
A_impress_100,1961032923_1,46,0.006475,0.005295,0.217980
A_impress_100,1961032923_1,47,0.006468,0.005291,0.217677
A_impress_100,1961032923_1,48,0.006465,0.005291,0.217380
A_impress_100,1961032923_1,49,0.006454,0.005283,0.217089
A_impress_100,1961032923_1,50,0.006448,0.005280,0.216811
A_impress_100,1961032923_1,51,0.006441,0.005276,0.216536
A_impress_100,1961032923_1,52,0.006435,0.005272,0.216355
A_impress_100,1961032923_1,53,0.006434,0.005272,0.216177
A_impress_100,1961032923_1,54,0.006428,0.005268,0.216006
A_impress_100,1961032923_1,55,0.006427,0.005268,0.215857
A_impress_100,1961032923_1,56,0.006418,0.005260,0.215711
A_impress_100,1961032923_1,57,0.006420,0.005264,0.215571
A_impress_100,1961032923_1,58,0.006415,0.005260,0.215467
A_impress_100,1961032923_1,59,0.006414,0.005260,0.215365
A_impress_100,1961032923_1,60,0.006409,0.005257,0.215268
A_impress_100,1961032923_1,61,0.006405,0.005253,0.215179
A_impress_100,1961032923_1,62,0.006404,0.005253,0.215091
A_impress_100,1961032923_1,63,0.006403,0.005253,0.215031
A_impress_100,1961032923_1,64,0.006403,0.005253,0.214972
A_impress_100,1961032923_1,65,0.006402,0.005253,0.214918
A_impress_100,1961032923_1,66,0.006394,0.005245,0.214874
A_impress_100,1961032923_1,67,0.006397,0.005249,0.214831
A_impress_100,1961032923_1,68,0.006397,0.005249,0.214789
A_impress_100,1961032923_1,69,0.006393,0.005245,0.214761
A_impress_100,1961032923_1,70,0.006393,0.005245,0.214734
A_impress_100,1961032923_1,71,0.006392,0.005245,0.214710
A_impress_100,1961032923_1,72,0.006388,0.005241,0.214686
A_impress_100,1961032923_1,73,0.006388,0.005241,0.214668
A_impress_100,1961032923_1,74,0.006388,0.005241,0.214651
A_impress_100,1961032923_1,75,0.006388,0.005241,0.214635
A_impress_100,1961032923_1,76,0.006388,0.005241,0.214623
A_impress_100,1961032923_1,77,0.006388,0.005241,0.214612
A_impress_100,1961032923_1,78,0.006387,0.005241,0.214603
A_impress_100,1961032923_1,79,0.006391,0.005245,0.214596
A_impress_100,1961032923_1,80,0.006387,0.005241,0.214590
A_impress_100,1961032923_1,81,0.006387,0.005241,0.214585
A_impress_100,1961032923_1,82,0.006387,0.005241,0.214580
A_impress_100,1961032923_1,83,0.006387,0.005241,0.214576
A_impress_100,1961032923_1,84,0.006387,0.005241,0.214573
A_impress_100,1961032923_1,85,0.006387,0.005241,0.214571
A_impress_100,1961032923_1,86,0.006391,0.005245,0.214569
A_impress_100,1961032923_1,87,0.006387,0.005241,0.214568
A_impress_100,1961032923_1,88,0.006387,0.005241,0.214566
A_impress_100,1961032923_1,89,0.006387,0.005241,0.214565
A_impress_100,1961032923_1,90,0.006391,0.005245,0.214565
A_impress_100,1961032923_1,91,0.006387,0.005241,0.214564
A_impress_100,1961032923_1,92,0.006387,0.005241,0.214564
A_impress_100,1961032923_1,93,0.006387,0.005241,0.214564
A_impress_100,1961032923_1,94,0.006387,0.005241,0.214563
A_impress_100,1961032923_1,95,0.006387,0.005241,0.214563
A_impress_100,1961032923_1,96,0.006387,0.005241,0.214563
A_impress_100,1961032923_1,97,0.006387,0.005241,0.214563
A_impress_100,1961032923_1,98,0.006387,0.005241,0.214563
A_impress_100,1961032923_1,99,0.006387,0.005241,0.214563
A_impress_100,1961032923_1,100,0.006387,0.005241,0.214563
A_impress_100,2061993362_1,1,0.008518,0.006756,0.276233
A_impress_100,2061993362_1,2,0.008055,0.006500,0.255513
A_impress_100,2061993362_1,3,0.007896,0.006477,0.241852
A_impress_100,2061993362_1,4,0.007772,0.006451,0.232100
A_impress_100,2061993362_1,5,0.007673,0.006432,0.224099
A_impress_100,2061993362_1,6,0.007586,0.006409,0.217733
A_impress_100,2061993362_1,7,0.007514,0.006393,0.212084
A_impress_100,2061993362_1,8,0.007459,0.006382,0.207748
A_impress_100,2061993362_1,9,0.007413,0.006374,0.203826
A_impress_100,2061993362_1,10,0.007366,0.006363,0.200338
A_impress_100,2061993362_1,11,0.007323,0.006351,0.197112
A_impress_100,2061993362_1,12,0.007280,0.006340,0.194039
A_impress_100,2061993362_1,13,0.007243,0.006329,0.191473
A_impress_100,2061993362_1,14,0.007203,0.006313,0.188982
A_impress_100,2061993362_1,15,0.007172,0.006306,0.186594
A_impress_100,2061993362_1,16,0.007134,0.006290,0.184346
A_impress_100,2061993362_1,17,0.007098,0.006275,0.182302
A_impress_100,2061993362_1,18,0.007067,0.006264,0.180341
A_impress_100,2061993362_1,19,0.007037,0.006252,0.178470
A_impress_100,2061993362_1,20,0.007008,0.006241,0.176676
A_impress_100,2061993362_1,21,0.006983,0.006233,0.174965
A_impress_100,2061993362_1,22,0.006959,0.006222,0.173706
A_impress_100,2061993362_1,23,0.006939,0.006214,0.172496
A_impress_100,2061993362_1,24,0.006924,0.006210,0.171332
A_impress_100,2061993362_1,25,0.006905,0.006203,0.170211
A_impress_100,2061993362_1,26,0.006886,0.006195,0.169132
A_impress_100,2061993362_1,27,0.006872,0.006191,0.168085
A_impress_100,2061993362_1,28,0.006855,0.006184,0.167116
A_impress_100,2061993362_1,29,0.006838,0.006176,0.166182
A_impress_100,2061993362_1,30,0.006821,0.006168,0.165267
A_impress_100,2061993362_1,31,0.006805,0.006161,0.164380
A_impress_100,2061993362_1,32,0.006788,0.006153,0.163511
A_impress_100,2061993362_1,33,0.006770,0.006142,0.162797
A_impress_100,2061993362_1,34,0.006759,0.006138,0.162100
A_impress_100,2061993362_1,35,0.006748,0.006134,0.161419
A_impress_100,2061993362_1,36,0.006734,0.006126,0.160782
A_impress_100,2061993362_1,37,0.006724,0.006123,0.160180
A_impress_100,2061993362_1,38,0.006711,0.006115,0.159594
A_impress_100,2061993362_1,39,0.006698,0.006107,0.159021
A_impress_100,2061993362_1,40,0.006684,0.006100,0.158461
A_impress_100,2061993362_1,41,0.006680,0.006100,0.158041
A_impress_100,2061993362_1,42,0.006668,0.006092,0.157628
A_impress_100,2061993362_1,43,0.006657,0.006084,0.157223
A_impress_100,2061993362_1,44,0.006645,0.006077,0.156829
A_impress_100,2061993362_1,45,0.006638,0.006073,0.156451
A_impress_100,2061993362_1,46,0.006626,0.006065,0.156087
A_impress_100,2061993362_1,47,0.006619,0.006062,0.155766
A_impress_100,2061993362_1,48,0.006612,0.006058,0.155452
A_impress_100,2061993362_1,49,0.006602,0.006050,0.155143
A_impress_100,2061993362_1,50,0.006595,0.006046,0.154844
A_impress_100,2061993362_1,51,0.006584,0.006039,0.154549
A_impress_100,2061993362_1,52,0.006578,0.006035,0.154345
A_impress_100,2061993362_1,53,0.006576,0.006035,0.154144
A_impress_100,2061993362_1,54,0.006571,0.006031,0.153950
A_impress_100,2061993362_1,55,0.006565,0.006027,0.153770
A_impress_100,2061993362_1,56,0.006559,0.006023,0.153594
A_impress_100,2061993362_1,57,0.006554,0.006020,0.153425
A_impress_100,2061993362_1,58,0.006549,0.006016,0.153290
A_impress_100,2061993362_1,59,0.006547,0.006016,0.153157
A_impress_100,2061993362_1,60,0.006542,0.006012,0.153032
A_impress_100,2061993362_1,61,0.006541,0.006012,0.152913
A_impress_100,2061993362_1,62,0.006536,0.006008,0.152796
A_impress_100,2061993362_1,63,0.006535,0.006008,0.152711
A_impress_100,2061993362_1,64,0.006534,0.006008,0.152629
A_impress_100,2061993362_1,65,0.006530,0.006004,0.152551
A_impress_100,2061993362_1,66,0.006529,0.006004,0.152483
A_impress_100,2061993362_1,67,0.006529,0.006004,0.152417
A_impress_100,2061993362_1,68,0.006524,0.006001,0.152353
A_impress_100,2061993362_1,69,0.006520,0.005997,0.152310
A_impress_100,2061993362_1,70,0.006519,0.005997,0.152268
A_impress_100,2061993362_1,71,0.006519,0.005997,0.152229
A_impress_100,2061993362_1,72,0.006515,0.005993,0.152192
A_impress_100,2061993362_1,73,0.006518,0.005997,0.152163
A_impress_100,2061993362_1,74,0.006518,0.005997,0.152136
A_impress_100,2061993362_1,75,0.006518,0.005997,0.152110
A_impress_100,2061993362_1,76,0.006514,0.005993,0.152091
A_impress_100,2061993362_1,77,0.006514,0.005993,0.152074
A_impress_100,2061993362_1,78,0.006513,0.005993,0.152059
A_impress_100,2061993362_1,79,0.006510,0.005989,0.152049
A_impress_100,2061993362_1,80,0.006513,0.005993,0.152039
A_impress_100,2061993362_1,81,0.006513,0.005993,0.152030
A_impress_100,2061993362_1,82,0.006513,0.005993,0.152023
A_impress_100,2061993362_1,83,0.006513,0.005993,0.152017
A_impress_100,2061993362_1,84,0.006513,0.005993,0.152012
A_impress_100,2061993362_1,85,0.006513,0.005993,0.152009
A_impress_100,2061993362_1,86,0.006513,0.005993,0.152006
A_impress_100,2061993362_1,87,0.006513,0.005993,0.152004
A_impress_100,2061993362_1,88,0.006513,0.005993,0.152002
A_impress_100,2061993362_1,89,0.006513,0.005993,0.152001
A_impress_100,2061993362_1,90,0.006513,0.005993,0.151999
A_impress_100,2061993362_1,91,0.006513,0.005993,0.151999
A_impress_100,2061993362_1,92,0.006513,0.005993,0.151998
A_impress_100,2061993362_1,93,0.006513,0.005993,0.151998
A_impress_100,2061993362_1,94,0.006513,0.005993,0.151998
A_impress_100,2061993362_1,95,0.006513,0.005993,0.151998
A_impress_100,2061993362_1,96,0.006509,0.005989,0.151997
A_impress_100,2061993362_1,97,0.006513,0.005993,0.151997
A_impress_100,2061993362_1,98,0.006513,0.005993,0.151997
A_impress_100,2061993362_1,99,0.006513,0.005993,0.151997
A_impress_100,2061993362_1,100,0.006513,0.005993,0.151997
A_impress_100,2099073485_1,1,0.007974,0.006229,0.274440
A_impress_100,2099073485_1,2,0.007724,0.006187,0.253645
A_impress_100,2099073485_1,3,0.007595,0.006176,0.241873
A_impress_100,2099073485_1,4,0.007497,0.006157,0.233967
A_impress_100,2099073485_1,5,0.007416,0.006138,0.227830
A_impress_100,2099073485_1,6,0.007347,0.006119,0.222798
A_impress_100,2099073485_1,7,0.007282,0.006100,0.218248
A_impress_100,2099073485_1,8,0.007239,0.006092,0.214691
A_impress_100,2099073485_1,9,0.007188,0.006073,0.211488
A_impress_100,2099073485_1,10,0.007151,0.006065,0.208556
A_impress_100,2099073485_1,11,0.007110,0.006050,0.205953
A_impress_100,2099073485_1,12,0.007070,0.006035,0.203493
A_impress_100,2099073485_1,13,0.007038,0.006023,0.201426
A_impress_100,2099073485_1,14,0.007003,0.006008,0.199455
A_impress_100,2099073485_1,15,0.006969,0.005993,0.197563
A_impress_100,2099073485_1,16,0.006939,0.005981,0.195801
A_impress_100,2099073485_1,17,0.006911,0.005970,0.194131
A_impress_100,2099073485_1,18,0.006876,0.005951,0.192536
A_impress_100,2099073485_1,19,0.006846,0.005936,0.191012
A_impress_100,2099073485_1,20,0.006816,0.005920,0.189536
A_impress_100,2099073485_1,21,0.006786,0.005905,0.188105
A_impress_100,2099073485_1,22,0.006768,0.005898,0.187063
A_impress_100,2099073485_1,23,0.006747,0.005886,0.186043
A_impress_100,2099073485_1,24,0.006729,0.005878,0.185047
A_impress_100,2099073485_1,25,0.006711,0.005871,0.184068
A_impress_100,2099073485_1,26,0.006687,0.005856,0.183119
A_impress_100,2099073485_1,27,0.006666,0.005844,0.182190
A_impress_100,2099073485_1,28,0.006653,0.005840,0.181296
A_impress_100,2099073485_1,29,0.006633,0.005829,0.180439
A_impress_100,2099073485_1,30,0.006617,0.005821,0.179598
A_impress_100,2099073485_1,31,0.006598,0.005810,0.178781
A_impress_100,2099073485_1,32,0.006578,0.005798,0.177980
A_impress_100,2099073485_1,33,0.006563,0.005791,0.177279
A_impress_100,2099073485_1,34,0.006545,0.005779,0.176592
A_impress_100,2099073485_1,35,0.006527,0.005768,0.175915
A_impress_100,2099073485_1,36,0.006513,0.005760,0.175273
A_impress_100,2099073485_1,37,0.006495,0.005749,0.174647
A_impress_100,2099073485_1,38,0.006485,0.005745,0.174034
A_impress_100,2099073485_1,39,0.006468,0.005733,0.173433
A_impress_100,2099073485_1,40,0.006454,0.005726,0.172843
A_impress_100,2099073485_1,41,0.006439,0.005714,0.172423
A_impress_100,2099073485_1,42,0.006431,0.005711,0.172009
A_impress_100,2099073485_1,43,0.006419,0.005703,0.171602
A_impress_100,2099073485_1,44,0.006407,0.005695,0.171204
A_impress_100,2099073485_1,45,0.006400,0.005692,0.170815
A_impress_100,2099073485_1,46,0.006392,0.005688,0.170438
A_impress_100,2099073485_1,47,0.006385,0.005684,0.170099
A_impress_100,2099073485_1,48,0.006378,0.005680,0.169765
A_impress_100,2099073485_1,49,0.006371,0.005676,0.169438
A_impress_100,2099073485_1,50,0.006360,0.005669,0.169116
A_impress_100,2099073485_1,51,0.006353,0.005665,0.168798
A_impress_100,2099073485_1,52,0.006351,0.005665,0.168598
A_impress_100,2099073485_1,53,0.006345,0.005661,0.168401
A_impress_100,2099073485_1,54,0.006339,0.005657,0.168207
A_impress_100,2099073485_1,55,0.006337,0.005657,0.168029
A_impress_100,2099073485_1,56,0.006328,0.005650,0.167853
A_impress_100,2099073485_1,57,0.006323,0.005646,0.167682
A_impress_100,2099073485_1,58,0.006321,0.005646,0.167561
A_impress_100,2099073485_1,59,0.006316,0.005642,0.167440
A_impress_100,2099073485_1,60,0.006315,0.005642,0.167324
A_impress_100,2099073485_1,61,0.006310,0.005638,0.167215
A_impress_100,2099073485_1,62,0.006309,0.005638,0.167107
A_impress_100,2099073485_1,63,0.006305,0.005634,0.167038
A_impress_100,2099073485_1,64,0.006304,0.005634,0.166970
A_impress_100,2099073485_1,65,0.006303,0.005634,0.166907
A_impress_100,2099073485_1,66,0.006299,0.005630,0.166856
A_impress_100,2099073485_1,67,0.006299,0.005630,0.166807
A_impress_100,2099073485_1,68,0.006298,0.005630,0.166759
A_impress_100,2099073485_1,69,0.006294,0.005627,0.166729
A_impress_100,2099073485_1,70,0.006294,0.005627,0.166701
A_impress_100,2099073485_1,71,0.006293,0.005627,0.166676
A_impress_100,2099073485_1,72,0.006293,0.005627,0.166651
A_impress_100,2099073485_1,73,0.006293,0.005627,0.166633
A_impress_100,2099073485_1,74,0.006293,0.005627,0.166617
A_impress_100,2099073485_1,75,0.006293,0.005627,0.166601
A_impress_100,2099073485_1,76,0.006293,0.005627,0.166591
A_impress_100,2099073485_1,77,0.006289,0.005623,0.166581
A_impress_100,2099073485_1,78,0.006289,0.005623,0.166573
A_impress_100,2099073485_1,79,0.006289,0.005623,0.166567
A_impress_100,2099073485_1,80,0.006288,0.005623,0.166563
A_impress_100,2099073485_1,81,0.006288,0.005623,0.166558
A_impress_100,2099073485_1,82,0.006288,0.005623,0.166555
A_impress_100,2099073485_1,83,0.006288,0.005623,0.166552
A_impress_100,2099073485_1,84,0.006288,0.005623,0.166550
A_impress_100,2099073485_1,85,0.006288,0.005623,0.166548
A_impress_100,2099073485_1,86,0.006288,0.005623,0.166547
A_impress_100,2099073485_1,87,0.006288,0.005623,0.166546
A_impress_100,2099073485_1,88,0.006288,0.005623,0.166545
A_impress_100,2099073485_1,89,0.006288,0.005623,0.166544
A_impress_100,2099073485_1,90,0.006288,0.005623,0.166544
A_impress_100,2099073485_1,91,0.006288,0.005623,0.166544
A_impress_100,2099073485_1,92,0.006288,0.005623,0.166543
A_impress_100,2099073485_1,93,0.006288,0.005623,0.166543
A_impress_100,2099073485_1,94,0.006288,0.005623,0.166543
A_impress_100,2099073485_1,95,0.006288,0.005623,0.166543
A_impress_100,2099073485_1,96,0.006288,0.005623,0.166543
A_impress_100,2099073485_1,97,0.006288,0.005623,0.166543
A_impress_100,2099073485_1,98,0.006288,0.005623,0.166543
A_impress_100,2099073485_1,99,0.006288,0.005623,0.166543
A_impress_100,2099073485_1,100,0.006288,0.005623,0.166543
A_impress_100,2139626906_1,1,0.008025,0.006001,0.302452
A_impress_100,2139626906_1,2,0.007479,0.005779,0.269947
A_impress_100,2139626906_1,3,0.007286,0.005756,0.252994
A_impress_100,2139626906_1,4,0.007185,0.005749,0.243601
A_impress_100,2139626906_1,5,0.007094,0.005730,0.236426
A_impress_100,2139626906_1,6,0.007025,0.005714,0.231054
A_impress_100,2139626906_1,7,0.006963,0.005703,0.226049
A_impress_100,2139626906_1,8,0.006917,0.005695,0.222211
A_impress_100,2139626906_1,9,0.006863,0.005676,0.218679
A_impress_100,2139626906_1,10,0.006822,0.005665,0.215725
A_impress_100,2139626906_1,11,0.006787,0.005657,0.212952
A_impress_100,2139626906_1,12,0.006745,0.005642,0.210302
A_impress_100,2139626906_1,13,0.006718,0.005634,0.208355
A_impress_100,2139626906_1,14,0.006688,0.005623,0.206483
A_impress_100,2139626906_1,15,0.006658,0.005611,0.204694
A_impress_100,2139626906_1,16,0.006638,0.005608,0.203011
A_impress_100,2139626906_1,17,0.006612,0.005596,0.201594
A_impress_100,2139626906_1,18,0.006587,0.005585,0.200226
A_impress_100,2139626906_1,19,0.006566,0.005577,0.198911
A_impress_100,2139626906_1,20,0.006546,0.005569,0.197642
A_impress_100,2139626906_1,21,0.006526,0.005562,0.196410
A_impress_100,2139626906_1,22,0.006510,0.005554,0.195586
A_impress_100,2139626906_1,23,0.006498,0.005550,0.194784
A_impress_100,2139626906_1,24,0.006483,0.005543,0.193998
A_impress_100,2139626906_1,25,0.006467,0.005535,0.193229
A_impress_100,2139626906_1,26,0.006452,0.005527,0.192481
A_impress_100,2139626906_1,27,0.006441,0.005524,0.191751
A_impress_100,2139626906_1,28,0.006431,0.005520,0.191119
A_impress_100,2139626906_1,29,0.006417,0.005512,0.190502
A_impress_100,2139626906_1,30,0.006404,0.005505,0.189902
A_impress_100,2139626906_1,31,0.006390,0.005497,0.189319
A_impress_100,2139626906_1,32,0.006381,0.005493,0.188750
A_impress_100,2139626906_1,33,0.006373,0.005489,0.188383
A_impress_100,2139626906_1,34,0.006366,0.005486,0.188026
A_impress_100,2139626906_1,35,0.006358,0.005482,0.187676
A_impress_100,2139626906_1,36,0.006351,0.005478,0.187338
A_impress_100,2139626906_1,37,0.006341,0.005470,0.187039
A_impress_100,2139626906_1,38,0.006338,0.005470,0.186748
A_impress_100,2139626906_1,39,0.006331,0.005466,0.186464
A_impress_100,2139626906_1,40,0.006325,0.005463,0.186185
A_impress_100,2139626906_1,41,0.006319,0.005459,0.186017
A_impress_100,2139626906_1,42,0.006317,0.005459,0.185853
A_impress_100,2139626906_1,43,0.006312,0.005455,0.185694
A_impress_100,2139626906_1,44,0.006307,0.005451,0.185539
A_impress_100,2139626906_1,45,0.006301,0.005447,0.185402
A_impress_100,2139626906_1,46,0.006300,0.005447,0.185270
A_impress_100,2139626906_1,47,0.006295,0.005444,0.185183
A_impress_100,2139626906_1,48,0.006295,0.005444,0.185098
A_impress_100,2139626906_1,49,0.006290,0.005440,0.185015
A_impress_100,2139626906_1,50,0.006289,0.005440,0.184940
A_impress_100,2139626906_1,51,0.006285,0.005436,0.184867
A_impress_100,2139626906_1,52,0.006280,0.005432,0.184823
A_impress_100,2139626906_1,53,0.006280,0.005432,0.184780
A_impress_100,2139626906_1,54,0.006276,0.005428,0.184741
A_impress_100,2139626906_1,55,0.006275,0.005428,0.184711
A_impress_100,2139626906_1,56,0.006279,0.005432,0.184682
A_impress_100,2139626906_1,57,0.006279,0.005432,0.184655
A_impress_100,2139626906_1,58,0.006275,0.005428,0.184635
A_impress_100,2139626906_1,59,0.006274,0.005428,0.184616
A_impress_100,2139626906_1,60,0.006270,0.005424,0.184598
A_impress_100,2139626906_1,61,0.006274,0.005428,0.184582
A_impress_100,2139626906_1,62,0.006270,0.005424,0.184566
A_impress_100,2139626906_1,63,0.006270,0.005424,0.184555
A_impress_100,2139626906_1,64,0.006274,0.005428,0.184545
A_impress_100,2139626906_1,65,0.006270,0.005424,0.184535
A_impress_100,2139626906_1,66,0.006270,0.005424,0.184527
A_impress_100,2139626906_1,67,0.006270,0.005424,0.184519
A_impress_100,2139626906_1,68,0.006270,0.005424,0.184511
A_impress_100,2139626906_1,69,0.006270,0.005424,0.184506
A_impress_100,2139626906_1,70,0.006270,0.005424,0.184502
A_impress_100,2139626906_1,71,0.006269,0.005424,0.184497
A_impress_100,2139626906_1,72,0.006266,0.005421,0.184493
A_impress_100,2139626906_1,73,0.006266,0.005421,0.184490
A_impress_100,2139626906_1,74,0.006266,0.005421,0.184487
A_impress_100,2139626906_1,75,0.006269,0.005424,0.184484
A_impress_100,2139626906_1,76,0.006266,0.005421,0.184482
A_impress_100,2139626906_1,77,0.006265,0.005421,0.184481
A_impress_100,2139626906_1,78,0.006265,0.005421,0.184479
A_impress_100,2139626906_1,79,0.006265,0.005421,0.184478
A_impress_100,2139626906_1,80,0.006265,0.005421,0.184477
A_impress_100,2139626906_1,81,0.006265,0.005421,0.184476
A_impress_100,2139626906_1,82,0.006265,0.005421,0.184476
A_impress_100,2139626906_1,83,0.006265,0.005421,0.184475
A_impress_100,2139626906_1,84,0.006265,0.005421,0.184474
A_impress_100,2139626906_1,85,0.006265,0.005421,0.184474
A_impress_100,2139626906_1,86,0.006265,0.005421,0.184474
A_impress_100,2139626906_1,87,0.006265,0.005421,0.184474
A_impress_100,2139626906_1,88,0.006265,0.005421,0.184473
A_impress_100,2139626906_1,89,0.006265,0.005421,0.184473
A_impress_100,2139626906_1,90,0.006265,0.005421,0.184473
A_impress_100,2139626906_1,91,0.006262,0.005417,0.184473
A_impress_100,2139626906_1,92,0.006265,0.005421,0.184473
A_impress_100,2139626906_1,93,0.006269,0.005424,0.184473
A_impress_100,2139626906_1,94,0.006265,0.005421,0.184473
A_impress_100,2139626906_1,95,0.006265,0.005421,0.184473
A_impress_100,2139626906_1,96,0.006265,0.005421,0.184473
A_impress_100,2139626906_1,97,0.006265,0.005421,0.184473
A_impress_100,2139626906_1,98,0.006265,0.005421,0.184473
A_impress_100,2139626906_1,99,0.006265,0.005421,0.184473
A_impress_100,2139626906_1,100,0.006265,0.005421,0.184473
A_impress_100,2167874246_1,1,0.008233,0.005566,0.366700
A_impress_100,2167874246_1,2,0.007775,0.005363,0.341178
A_impress_100,2167874246_1,3,0.007613,0.005352,0.326076
A_impress_100,2167874246_1,4,0.007489,0.005329,0.315943
A_impress_100,2167874246_1,5,0.007379,0.005302,0.307608
A_impress_100,2167874246_1,6,0.007290,0.005280,0.301037
A_impress_100,2167874246_1,7,0.007200,0.005249,0.295144
A_impress_100,2167874246_1,8,0.007140,0.005234,0.290614
A_impress_100,2167874246_1,9,0.007088,0.005222,0.286588
A_impress_100,2167874246_1,10,0.007031,0.005199,0.283114
A_impress_100,2167874246_1,11,0.006987,0.005188,0.279936
A_impress_100,2167874246_1,12,0.006942,0.005173,0.276952
A_impress_100,2167874246_1,13,0.006903,0.005157,0.274528
A_impress_100,2167874246_1,14,0.006868,0.005146,0.272231
A_impress_100,2167874246_1,15,0.006835,0.005135,0.270082
A_impress_100,2167874246_1,16,0.006800,0.005119,0.268079
A_impress_100,2167874246_1,17,0.006771,0.005108,0.266282
A_impress_100,2167874246_1,18,0.006746,0.005100,0.264557
A_impress_100,2167874246_1,19,0.006718,0.005089,0.262906
A_impress_100,2167874246_1,20,0.006690,0.005077,0.261308
A_impress_100,2167874246_1,21,0.006663,0.005066,0.259751
A_impress_100,2167874246_1,22,0.006648,0.005062,0.258584
A_impress_100,2167874246_1,23,0.006625,0.005051,0.257445
A_impress_100,2167874246_1,24,0.006610,0.005047,0.256333
A_impress_100,2167874246_1,25,0.006592,0.005039,0.255254
A_impress_100,2167874246_1,26,0.006574,0.005032,0.254214
A_impress_100,2167874246_1,27,0.006556,0.005024,0.253208
A_impress_100,2167874246_1,28,0.006535,0.005013,0.252283
A_impress_100,2167874246_1,29,0.006519,0.005005,0.251395
A_impress_100,2167874246_1,30,0.006503,0.004997,0.250530
A_impress_100,2167874246_1,31,0.006487,0.004990,0.249698
A_impress_100,2167874246_1,32,0.006467,0.004978,0.248886
A_impress_100,2167874246_1,33,0.006457,0.004974,0.248222
A_impress_100,2167874246_1,34,0.006442,0.004967,0.247573
A_impress_100,2167874246_1,35,0.006432,0.004963,0.246939
A_impress_100,2167874246_1,36,0.006423,0.004959,0.246341
A_impress_100,2167874246_1,37,0.006409,0.004951,0.245778
A_impress_100,2167874246_1,38,0.006400,0.004948,0.245228
A_impress_100,2167874246_1,39,0.006391,0.004944,0.244690
A_impress_100,2167874246_1,40,0.006382,0.004940,0.244161
A_impress_100,2167874246_1,41,0.006374,0.004936,0.243763
A_impress_100,2167874246_1,42,0.006366,0.004932,0.243372
A_impress_100,2167874246_1,43,0.006358,0.004929,0.242989
A_impress_100,2167874246_1,44,0.006347,0.004921,0.242618
A_impress_100,2167874246_1,45,0.006340,0.004917,0.242262
A_impress_100,2167874246_1,46,0.006333,0.004913,0.241919
A_impress_100,2167874246_1,47,0.006326,0.004910,0.241622
A_impress_100,2167874246_1,48,0.006319,0.004906,0.241329
A_impress_100,2167874246_1,49,0.006312,0.004902,0.241044
A_impress_100,2167874246_1,50,0.006302,0.004894,0.240766
A_impress_100,2167874246_1,51,0.006295,0.004890,0.240492
A_impress_100,2167874246_1,52,0.006293,0.004890,0.240300
A_impress_100,2167874246_1,53,0.006288,0.004887,0.240111
A_impress_100,2167874246_1,54,0.006286,0.004887,0.239926
A_impress_100,2167874246_1,55,0.006280,0.004883,0.239756
A_impress_100,2167874246_1,56,0.006279,0.004883,0.239589
A_impress_100,2167874246_1,57,0.006273,0.004879,0.239430
A_impress_100,2167874246_1,58,0.006272,0.004879,0.239296
A_impress_100,2167874246_1,59,0.006271,0.004879,0.239164
A_impress_100,2167874246_1,60,0.006266,0.004875,0.239040
A_impress_100,2167874246_1,61,0.006264,0.004875,0.238921
A_impress_100,2167874246_1,62,0.006259,0.004871,0.238805
A_impress_100,2167874246_1,63,0.006259,0.004871,0.238716
A_impress_100,2167874246_1,64,0.006258,0.004871,0.238629
A_impress_100,2167874246_1,65,0.006257,0.004871,0.238547
A_impress_100,2167874246_1,66,0.006252,0.004868,0.238472
A_impress_100,2167874246_1,67,0.006252,0.004868,0.238399
A_impress_100,2167874246_1,68,0.006251,0.004868,0.238327
A_impress_100,2167874246_1,69,0.006247,0.004864,0.238278
A_impress_100,2167874246_1,70,0.006246,0.004864,0.238229
A_impress_100,2167874246_1,71,0.006249,0.004868,0.238183
A_impress_100,2167874246_1,72,0.006249,0.004868,0.238140
A_impress_100,2167874246_1,73,0.006245,0.004864,0.238103
A_impress_100,2167874246_1,74,0.006244,0.004864,0.238070
A_impress_100,2167874246_1,75,0.006244,0.004864,0.238037
A_impress_100,2167874246_1,76,0.006244,0.004864,0.238012
A_impress_100,2167874246_1,77,0.006244,0.004864,0.237989
A_impress_100,2167874246_1,78,0.006243,0.004864,0.237969
A_impress_100,2167874246_1,79,0.006243,0.004864,0.237955
A_impress_100,2167874246_1,80,0.006243,0.004864,0.237942
A_impress_100,2167874246_1,81,0.006243,0.004864,0.237929
A_impress_100,2167874246_1,82,0.006243,0.004864,0.237919
A_impress_100,2167874246_1,83,0.006243,0.004864,0.237910
A_impress_100,2167874246_1,84,0.006243,0.004864,0.237903
A_impress_100,2167874246_1,85,0.006243,0.004864,0.237898
A_impress_100,2167874246_1,86,0.006243,0.004864,0.237894
A_impress_100,2167874246_1,87,0.006243,0.004864,0.237891
A_impress_100,2167874246_1,88,0.006239,0.004860,0.237888
A_impress_100,2167874246_1,89,0.006243,0.004864,0.237886
A_impress_100,2167874246_1,90,0.006243,0.004864,0.237884
A_impress_100,2167874246_1,91,0.006243,0.004864,0.237883
A_impress_100,2167874246_1,92,0.006243,0.004864,0.237882
A_impress_100,2167874246_1,93,0.006243,0.004864,0.237882
A_impress_100,2167874246_1,94,0.006243,0.004864,0.237881
A_impress_100,2167874246_1,95,0.006243,0.004864,0.237881
A_impress_100,2167874246_1,96,0.006243,0.004864,0.237881
A_impress_100,2167874246_1,97,0.006243,0.004864,0.237881
A_impress_100,2167874246_1,98,0.006239,0.004860,0.237881
A_impress_100,2167874246_1,99,0.006243,0.004864,0.237881
A_impress_100,2167874246_1,100,0.006243,0.004864,0.237881
A_impress_100,221629697_1,1,0.010686,0.009796,0.189030
A_impress_100,221629697_1,2,0.010092,0.009354,0.173872
A_impress_100,221629697_1,3,0.009982,0.009331,0.165097
A_impress_100,221629697_1,4,0.009898,0.009308,0.159013
A_impress_100,221629697_1,5,0.009822,0.009285,0.153710
A_impress_100,221629697_1,6,0.009756,0.009262,0.149430
A_impress_100,221629697_1,7,0.009688,0.009232,0.145631
A_impress_100,221629697_1,8,0.009645,0.009216,0.142859
A_impress_100,221629697_1,9,0.009612,0.009209,0.140321
A_impress_100,221629697_1,10,0.009575,0.009193,0.138121
A_impress_100,221629697_1,11,0.009547,0.009186,0.136096
A_impress_100,221629697_1,12,0.009505,0.009163,0.134195
A_impress_100,221629697_1,13,0.009475,0.009148,0.132757
A_impress_100,221629697_1,14,0.009446,0.009132,0.131395
A_impress_100,221629697_1,15,0.009411,0.009109,0.130108
A_impress_100,221629697_1,16,0.009383,0.009094,0.128891
A_impress_100,221629697_1,17,0.009349,0.009071,0.127811
A_impress_100,221629697_1,18,0.009324,0.009056,0.126771
A_impress_100,221629697_1,19,0.009299,0.009041,0.125780
A_impress_100,221629697_1,20,0.009266,0.009018,0.124836
A_impress_100,221629697_1,21,0.009242,0.009003,0.123917
A_impress_100,221629697_1,22,0.009228,0.008995,0.123279
A_impress_100,221629697_1,23,0.009206,0.008980,0.122651
A_impress_100,221629697_1,24,0.009185,0.008965,0.122043
A_impress_100,221629697_1,25,0.009171,0.008957,0.121457
A_impress_100,221629697_1,26,0.009158,0.008949,0.120891
A_impress_100,221629697_1,27,0.009137,0.008934,0.120332
A_impress_100,221629697_1,28,0.009125,0.008926,0.119828
A_impress_100,221629697_1,29,0.009105,0.008911,0.119339
A_impress_100,221629697_1,30,0.009092,0.008904,0.118863
A_impress_100,221629697_1,31,0.009080,0.008896,0.118404
A_impress_100,221629697_1,32,0.009068,0.008888,0.117956
A_impress_100,221629697_1,33,0.009049,0.008873,0.117623
A_impress_100,221629697_1,34,0.009038,0.008865,0.117298
A_impress_100,221629697_1,35,0.009020,0.008850,0.116980
A_impress_100,221629697_1,36,0.009009,0.008842,0.116677
A_impress_100,221629697_1,37,0.008999,0.008835,0.116399
A_impress_100,221629697_1,38,0.008988,0.008827,0.116128
A_impress_100,221629697_1,39,0.008978,0.008820,0.115863
A_impress_100,221629697_1,40,0.008960,0.008804,0.115603
A_impress_100,221629697_1,41,0.008951,0.008797,0.115427
A_impress_100,221629697_1,42,0.008949,0.008797,0.115253
A_impress_100,221629697_1,43,0.008932,0.008781,0.115082
A_impress_100,221629697_1,44,0.008923,0.008774,0.114915
A_impress_100,221629697_1,45,0.008921,0.008774,0.114758
A_impress_100,221629697_1,46,0.008912,0.008766,0.114606
A_impress_100,221629697_1,47,0.008903,0.008759,0.114484
A_impress_100,221629697_1,48,0.008902,0.008759,0.114364
A_impress_100,221629697_1,49,0.008893,0.008751,0.114245
A_impress_100,221629697_1,50,0.008885,0.008743,0.114132
A_impress_100,221629697_1,51,0.008876,0.008736,0.114020
A_impress_100,221629697_1,52,0.008875,0.008736,0.113947
A_impress_100,221629697_1,53,0.008874,0.008736,0.113876
A_impress_100,221629697_1,54,0.008874,0.008736,0.113807
A_impress_100,221629697_1,55,0.008865,0.008728,0.113745
A_impress_100,221629697_1,56,0.008865,0.008728,0.113684
A_impress_100,221629697_1,57,0.008857,0.008720,0.113627
A_impress_100,221629697_1,58,0.008849,0.008713,0.113582
A_impress_100,221629697_1,59,0.008848,0.008713,0.113539
A_impress_100,221629697_1,60,0.008848,0.008713,0.113498
A_impress_100,221629697_1,61,0.008847,0.008713,0.113460
A_impress_100,221629697_1,62,0.008839,0.008705,0.113423
A_impress_100,221629697_1,63,0.008839,0.008705,0.113396
A_impress_100,221629697_1,64,0.008839,0.008705,0.113370
A_impress_100,221629697_1,65,0.008839,0.008705,0.113346
A_impress_100,221629697_1,66,0.008831,0.008698,0.113324
A_impress_100,221629697_1,67,0.008831,0.008698,0.113303
A_impress_100,221629697_1,68,0.008830,0.008698,0.113283
A_impress_100,221629697_1,69,0.008830,0.008698,0.113269
A_impress_100,221629697_1,70,0.008822,0.008690,0.113255
A_impress_100,221629697_1,71,0.008822,0.008690,0.113243
A_impress_100,221629697_1,72,0.008822,0.008690,0.113231
A_impress_100,221629697_1,73,0.008822,0.008690,0.113221
A_impress_100,221629697_1,74,0.008822,0.008690,0.113212
A_impress_100,221629697_1,75,0.008822,0.008690,0.113203
A_impress_100,221629697_1,76,0.008822,0.008690,0.113197
A_impress_100,221629697_1,77,0.008822,0.008690,0.113190
A_impress_100,221629697_1,78,0.008822,0.008690,0.113185
A_impress_100,221629697_1,79,0.008822,0.008690,0.113181
A_impress_100,221629697_1,80,0.008822,0.008690,0.113177
A_impress_100,221629697_1,81,0.008822,0.008690,0.113174
A_impress_100,221629697_1,82,0.008822,0.008690,0.113171
A_impress_100,221629697_1,83,0.008822,0.008690,0.113169
A_impress_100,221629697_1,84,0.008822,0.008690,0.113167
A_impress_100,221629697_1,85,0.008822,0.008690,0.113166
A_impress_100,221629697_1,86,0.008822,0.008690,0.113165
A_impress_100,221629697_1,87,0.008822,0.008690,0.113164
A_impress_100,221629697_1,88,0.008814,0.008682,0.113163
A_impress_100,221629697_1,89,0.008822,0.008690,0.113162
A_impress_100,221629697_1,90,0.008814,0.008682,0.113162
A_impress_100,221629697_1,91,0.008814,0.008682,0.113162
A_impress_100,221629697_1,92,0.008814,0.008682,0.113161
A_impress_100,221629697_1,93,0.008814,0.008682,0.113161
A_impress_100,221629697_1,94,0.008821,0.008690,0.113161
A_impress_100,221629697_1,95,0.008814,0.008682,0.113161
A_impress_100,221629697_1,96,0.008821,0.008690,0.113161
A_impress_100,221629697_1,97,0.008821,0.008690,0.113161
A_impress_100,221629697_1,98,0.008814,0.008682,0.113161
A_impress_100,221629697_1,99,0.008821,0.008690,0.113161
A_impress_100,221629697_1,100,0.008821,0.008690,0.113161
