model,bucket,label,seed,s_vg,s_gg
base,null,no artist,6,0.22716590762138367,0.1655932068824768
base,null,no artist,7,0.22798803448677063,0.18836936354637146
base,null,no artist,8,0.2049996256828308,0.18325097858905792
base,null,no artist,9,0.24126000702381134,0.2025248259305954
base,null,no artist,10,0.2000037133693695,0.17782935500144958
base,null,no artist,11,0.19058474898338318,0.1438126415014267
base,1 name,Van Gogh,6,0.2581060528755188,0.1509341597557068
base,1 name,Van Gogh,7,0.27494245767593384,0.15610933303833008
base,1 name,Van Gogh,8,0.26606568694114685,0.17152230441570282
base,1 name,Van Gogh,9,0.2630501389503479,0.15307332575321198
base,1 name,Van Gogh,10,0.27230384945869446,0.18906405568122864
base,1 name,Van Gogh,11,0.27180561423301697,0.14851318299770355
base,2 description,description,6,0.2528124749660492,0.1661253571510315
base,2 description,description,7,0.24957963824272156,0.1663818061351776
base,2 description,description,8,0.26200276613235474,0.1685517430305481
base,2 description,description,9,0.2687835693359375,0.1626443862915039
base,2 description,description,10,0.2577252984046936,0.1613582968711853
base,2 description,description,11,0.2685222923755646,0.16959752142429352
base,3 title,Starry Night title,6,0.24792148172855377,0.16636264324188232
base,3 title,Starry Night title,7,0.23527100682258606,0.1935683786869049
base,3 title,Starry Night title,8,0.258240282535553,0.18427394330501556
base,3 title,Starry Night title,9,0.2473546713590622,0.1582367718219757
base,3 title,Starry Night title,10,0.1911826729774475,0.14286229014396667
base,3 title,Starry Night title,11,0.266827791929245,0.17322751879692078
base,3 title,Cafe Terrace title,6,0.21838457882404327,0.1823294758796692
base,3 title,Cafe Terrace title,7,0.23607642948627472,0.16708609461784363
base,3 title,Cafe Terrace title,8,0.23251885175704956,0.1551736444234848
base,3 title,Cafe Terrace title,9,0.2173091620206833,0.18534915149211884
base,3 title,Cafe Terrace title,10,0.2005164623260498,0.19716361165046692
base,3 title,Cafe Terrace title,11,0.1991470605134964,0.1706889271736145
base,4 title+desc,title + description,6,0.2500455379486084,0.16062599420547485
base,4 title+desc,title + description,7,0.2509845495223999,0.15991568565368652
base,4 title+desc,title + description,8,0.26207491755485535,0.1561637818813324
base,4 title+desc,title + description,9,0.26598116755485535,0.16146209836006165
base,4 title+desc,title + description,10,0.25555574893951416,0.16012351214885712
base,4 title+desc,title + description,11,0.26619189977645874,0.17328235507011414
base,5 control,Paul Gauguin,6,0.23223574459552765,0.23946498334407806
base,5 control,Paul Gauguin,7,0.23059438169002533,0.2420808970928192
base,5 control,Paul Gauguin,8,0.25000035762786865,0.2775459885597229
base,5 control,Paul Gauguin,9,0.24666732549667358,0.22427977621555328
base,5 control,Paul Gauguin,10,0.21606482565402985,0.2781551480293274
base,5 control,Paul Gauguin,11,0.24932047724723816,0.2627646327018738
esdx,null,no artist,6,0.19375872611999512,0.1596139669418335
esdx,null,no artist,7,0.18679247796535492,0.18124739825725555
esdx,null,no artist,8,0.19215379655361176,0.20046597719192505
esdx,null,no artist,9,0.23158212006092072,0.18230114877223969
esdx,null,no artist,10,0.16379882395267487,0.14395356178283691
esdx,null,no artist,11,0.16028094291687012,0.17421716451644897
esdx,1 name,Van Gogh,6,0.19441913068294525,0.169754296541214
esdx,1 name,Van Gogh,7,0.2575594186782837,0.16116291284561157
esdx,1 name,Van Gogh,8,0.1792742758989334,0.17918208241462708
esdx,1 name,Van Gogh,9,0.1826341152191162,0.12866593897342682
esdx,1 name,Van Gogh,10,0.17845067381858826,0.14638751745224
esdx,1 name,Van Gogh,11,0.1962212473154068,0.18528389930725098
esdx,2 description,description,6,0.20633918046951294,0.15990975499153137
esdx,2 description,description,7,0.22116445004940033,0.21329590678215027
esdx,2 description,description,8,0.21066968142986298,0.20609086751937866
esdx,2 description,description,9,0.2074410617351532,0.17634248733520508
esdx,2 description,description,10,0.2443591207265854,0.20723213255405426
esdx,2 description,description,11,0.1912262737751007,0.18422313034534454
esdx,3 title,Starry Night title,6,0.22020700573921204,0.18897856771945953
esdx,3 title,Starry Night title,7,0.17579782009124756,0.17485526204109192
esdx,3 title,Starry Night title,8,0.18033963441848755,0.17453628778457642
esdx,3 title,Starry Night title,9,0.21076112985610962,0.1554512232542038
esdx,3 title,Starry Night title,10,0.19331611692905426,0.17748603224754333
esdx,3 title,Starry Night title,11,0.20330974459648132,0.18373307585716248
esdx,3 title,Cafe Terrace title,6,0.23141691088676453,0.1941623091697693
esdx,3 title,Cafe Terrace title,7,0.20880374312400818,0.17098231613636017
esdx,3 title,Cafe Terrace title,8,0.1738085150718689,0.1306089460849762
esdx,3 title,Cafe Terrace title,9,0.1942138671875,0.15131431818008423
esdx,3 title,Cafe Terrace title,10,0.17653436958789825,0.16476558148860931
esdx,3 title,Cafe Terrace title,11,0.16313937306404114,0.12173183262348175
esdx,4 title+desc,title + description,6,0.23404811322689056,0.16439560055732727
esdx,4 title+desc,title + description,7,0.2246275544166565,0.21256831288337708
esdx,4 title+desc,title + description,8,0.21016113460063934,0.20524872839450836
esdx,4 title+desc,title + description,9,0.24425452947616577,0.177628755569458
esdx,4 title+desc,title + description,10,0.25208789110183716,0.21806621551513672
esdx,4 title+desc,title + description,11,0.19728437066078186,0.18771357834339142
esdx,5 control,Paul Gauguin,6,0.23139958083629608,0.2608572244644165
esdx,5 control,Paul Gauguin,7,0.23390477895736694,0.2455708235502243
esdx,5 control,Paul Gauguin,8,0.21390454471111298,0.27857038378715515
esdx,5 control,Paul Gauguin,9,0.2391355037689209,0.22353993356227875
esdx,5 control,Paul Gauguin,10,0.20782147347927094,0.28724321722984314
esdx,5 control,Paul Gauguin,11,0.21880410611629486,0.2502177655696869
