pg_eps,pg_step_size,image,ssim_adv,floor,measured_here,margin,verdict,verdict_wide,L2,Linf_levels,shield_lpips,in_budget
16,1,1233476865_1.png,0.5786,0.4721,False,0.1065,BLIND,BLIND,2645.7,51.0,0.0179,True
16,1,1525918600_1.png,0.641,0.4149,False,0.2261,BLIND,BLIND,1840.2,59.0,0.0166,True
16,1,178046512_1.png,0.5584,0.48,False,0.0784,BLIND,BLIND,3251.9,61.0,0.0402,True
16,1,181707205_1.png,0.5864,0.562,False,0.0244,BLIND,INDETERMINATE,5344.8,62.0,0.0511,True
16,1,1961032923_1.png,0.6942,0.7067,False,-0.0125,ENGAGED,INDETERMINATE,3862.4,60.0,0.0744,True
16,1,2061993362_1.png,0.4898,0.436,False,0.0538,BLIND,BLIND,1695.3,39.0,0.0199,True
16,1,2099073485_1.png,0.5315,0.3757,False,0.1558,BLIND,BLIND,1892.6,60.0,0.0102,True
16,1,2139626906_1.png,0.3828,0.3165,False,0.0663,BLIND,BLIND,6416.2,62.0,0.0684,True
16,1,2167874246_1.png,0.4471,0.2849,False,0.1622,BLIND,BLIND,2899.8,61.0,0.0341,True
16,1,221629697_1.png,0.4822,0.3159,False,0.1663,BLIND,BLIND,2090.3,64.0,0.0079,True
64,4,1233476865_1.png,0.4438,0.4721,True,-0.0283,ENGAGED,ENGAGED,3738.3,84.0,0.0957,True
64,4,1525918600_1.png,0.5513,0.4149,True,0.1364,BLIND,BLIND,3312.1,129.0,0.0597,True
64,4,178046512_1.png,0.4704,0.48,True,-0.0096,INDETERMINATE,INDETERMINATE,4139.6,99.0,0.1071,False
64,4,181707205_1.png,0.5658,0.562,True,0.0038,INDETERMINATE,INDETERMINATE,5868.5,78.0,0.0983,True
64,4,1961032923_1.png,0.642,0.7067,True,-0.0647,ENGAGED,ENGAGED,4621.9,109.0,0.1799,False
64,4,2061993362_1.png,0.4429,0.436,True,0.0069,INDETERMINATE,INDETERMINATE,2892.3,69.0,0.106,False
64,4,2099073485_1.png,0.4543,0.3757,True,0.0786,BLIND,BLIND,3310.1,100.0,0.058,True
64,4,2139626906_1.png,0.3535,0.3165,True,0.037,BLIND,BLIND,6885.1,92.0,0.0972,True
64,4,2167874246_1.png,0.499,0.2849,True,0.2141,BLIND,BLIND,3934.6,133.0,0.0852,True
64,4,221629697_1.png,0.4541,0.3159,True,0.1382,BLIND,BLIND,3378.8,113.0,0.0395,True
256,4,1233476865_1.png,0.4795,0.4721,True,0.0074,INDETERMINATE,INDETERMINATE,3795.2,104.0,0.1003,False
256,4,1525918600_1.png,0.5543,0.4149,True,0.1394,BLIND,BLIND,3283.3,97.0,0.0579,True
256,4,178046512_1.png,0.4823,0.48,True,0.0023,INDETERMINATE,INDETERMINATE,4082.0,95.0,0.0985,True
256,4,181707205_1.png,0.5906,0.562,True,0.0286,BLIND,BLIND,5873.5,92.0,0.0996,True
256,4,1961032923_1.png,0.6541,0.7067,True,-0.0526,ENGAGED,ENGAGED,4612.2,107.0,0.1779,False
256,4,2061993362_1.png,0.4549,0.436,True,0.0189,BLIND,INDETERMINATE,2878.9,72.0,0.1024,False
256,4,2099073485_1.png,0.4551,0.3757,True,0.0794,BLIND,BLIND,3288.5,100.0,0.0596,True
256,4,2139626906_1.png,0.3602,0.3165,True,0.0437,BLIND,BLIND,6890.8,80.0,0.0984,True
256,4,2167874246_1.png,0.4315,0.2849,True,0.1466,BLIND,BLIND,3945.4,122.0,0.0883,True
256,4,221629697_1.png,0.3948,0.3159,True,0.0789,BLIND,BLIND,3282.9,93.0,0.0339,True
